NUMBER,ANAL,SAMPLET,SAMPLED,DESCRIP,TYPE,CLIENT,LOCATION,SUBLOC,STATION,DEPTH,NO3,NO2,NH4,SUSPN,TDN,SRP,SUSPP,TDP,DOC,SUSPC,GF-CHL,HPLC-CHLA,COND,PH,Comments for DOC
,,,,,,,,,,,µg/L,µg/L,µg/L,µg/L,µg/L,µg/L,µg/L,µg/L,µmol/L,µg/L,µg/L,µg/L,µS/cm @25°C,,
4260.0,M,16:50,8/17/2016,MANITOBA,LA,HERBERT,LMB,,LLS013,0,,,,,,,77,,,,,,,,
4261.0,M,09:00,4/11/2017,MANITOBA,LA,HERBERT,BLK,,,,,,,N/S,,,3,,,N/S,,,,,
4262.0,M,11:40,4/17/2017,MANITOBA,LA,HERBERT,BLK,,,,,,,N/S,,,3,,,N/S,,,,,
4263.0,M,10:40,4/6/2017,MANITOBA,LA,HERBERT,FFR,,FR1,0,,,,N/S,813,,,16,,N/S,2.59,1.91,1111,8.45,
4264.0,M,16:10,4/12/2017,MANITOBA,LA,HERBERT,LWH,,LWH_C,,,,,N/S,,,16,,,N/S,1.52,1.06,937,8.47,
4265.0,M,16:25,4/12/2017,MANITOBA,LA,HERBERT,GR,,GLGA1,,,,,N/S,,,26,,,N/S,1.99,1.00,260,8.29,
4266.0,M,16:37,4/12/2017,MANITOBA,LA,HERBERT,GR,,GLGA2,,,,,N/S,,,21,,,N/S,1.65,0.82,161,8.14,
4267.0,M,17:00,4/12/2017,MANITOBA,LA,HERBERT,L22R,,GLL22E,,,,,N/S,,,36,,,N/S,1.01,0.67,359,8.24,
4301.0,M,09:30,4/18/2017,MANITOBA,LA,HERBERT,,,LKS009,0,,,,119,724,,15,6,,1210,1.80,1.06,998,8.59,
4302.0,M,14:59,5/16/2017,MANITOBA,LA,HERBERT,,,MBGL,0,,,,1,,,,,,40,,,,,
4303.0,M,14:55,5/16/2017,MANITOBA,LA,HERBERT,BLK,,,100,,,,21,,,,,,280,,,,,
4304.0,M,15:24,5/17/2017,MANITOBA,LA,HERBERT,BLK,,,,,,,1,,,,,,20,,,,,
4305.0,M,15:28,5/17/2017,MANITOBA,LA,HERBERT,BLK,,,,,,,16,,,,,,270,,,,,
4306.0,M,14:56,5/16/2017,MANITOBA,LA,HERBERT,BLK,,,100,,,,,,,5,,,,,,,,
4307.0,M,15:26,5/17/2017,MANITOBA,LA,HERBERT,BLK,,,,,,,,,,3,,,,,,,,
4308.0,M,,5/2/2017,MANITOBA,LA,HERBERT,BLK,,,,,,,,,,-1,,,,,,,,
4309.0,M,11:50,5/15/2017,MANITOBA,LA,HERBERT,LMB,,041823,0,,,,243,840,13,36,32,,1970,10.50,5.48,759,8.58,
4310.0,M,12:01,5/15/2017,MANITOBA,LA,HERBERT,LMB,,041823,6,,,,584,825,7,88,21,1042,5350,27.47,15.67,789,8.58,
4311.0,M,13:05,5/15/2017,MANITOBA,LA,HERBERT,LMB,,038808,0,,,,246,702,8,27,24,,2140,11.66,6.65,1018,8.64,
4312.0,M,13:21,5/15/2017,MANITOBA,LA,HERBERT,LMB,,038808,5,,,,336,758,8,37,21,938,2880,17.84,9.83,1018,8.62,
4313.0,M,14:06,5/15/2017,MANITOBA,LA,HERBERT,LMB,,036796,0,,,,234,706,3,25,16,953,1990,7.26,3.57,972,8.64,
4314.0,M,06:09,5/16/2017,MANITOBA,LA,HERBERT,LMB,,099881,0,,,,181,723,16,18,31,877,1750,4.63,2.74,1004,8.61,
4315.0,M,07:15,5/16/2017,MANITOBA,LA,HERBERT,LMB,,116879,0,,,,210,659,1,17,8,1127,1760,4.61,2.59,933,8.60,
4316.0,M,07:49,5/16/2017,MANITOBA,LA,HERBERT,LMB,NAR,NAR1,0,,,,189,669,2,18,9,959,1800,5.05,2.91,936,8.60,
4317.0,M,11:30,5/16/2017,MANITOBA,LA,HERBERT,FFR,,FR1,0,,,,175,645,1,13,6,1048,1510,4.73,3.01,980,8.60,
4318.0,M,15:40,5/17/2017,MANITOBA,LA,HERBERT,LWH,DIT,DBW3,R1,,,,44,1096,8,7,23,1964,580,1.37,0.77,435,8.64,
4319.0,M,16:14,5/17/2017,MANITOBA,LA,HERBERT,LWH,,DBW4,,,,,41,1129,2,9,10,1848,650,1.41,0.68,547,8.67,
4320.0,M,16:35,5/17/2017,MANITOBA,LA,HERBERT,LWH,,DBW5,,,,,41,1077,1,7,10,,560,1.16,0.63,711,8.67,
4321.0,M,17:43,5/17/2017,MANITOBA,LA,HERBERT,WHR,,WHR1,,,,,111,687,5,15,21,,1310,3.05,1.74,839,8.55,
4322.0,M,15:40,5/17/2017,MANITOBA,LA,HERBERT,LWH,,DBW3,R2,,,,13,,,6,,,530,,,N/S,N/S,
4323.0,M,18:36,5/20/2017,MANITOBA,LA,HERBERT,BLK,,,,,,,1,,,,,,20,,,,,
4324.0,M,18:36,5/20/2017,MANITOBA,LA,HERBERT,BLK,,,100,,,,21,,,,,,330,,,,,
4325.0,M,14:55,5/22/2017,MANITOBA,LA,HERBERT,BLK,,,0,,,,-1,,,,,,20,,,,,
4326.0,M,15:10,5/22/2017,MANITOBA,LA,HERBERT,BLK,,,100,,,,27,,,,,,250,,,,,
4327.0,M,16:52,5/23/2017,MANITOBA,LA,HERBERT,BLK,,,0,,,,-1,,,,,,20,,,,,
4328.0,M,16:54,5/23/2017,MANITOBA,LA,HERBERT,BLK,,,100,,,,9,,,,,,210,,,,,
4329.0,M,18:36,5/20/2017,MANITOBA,LA,HERBERT,BLK,,,,,,,,,,2,,,,,,,,
4330.0,M,18:36,5/20/2017,MANITOBA,LA,HERBERT,BLK,,,100,,,,,,,3,,,,,,,,
4331.0,M,14:55,5/22/2017,MANITOBA,LA,HERBERT,BLK,,,0,,,,,,,3,,,,,,,,
4332.0,M,15:09,5/22/2017,MANITOBA,LA,HERBERT,BLK,,,100,,,,,,,2,,,,,,,,
4333.0,M,16:52,5/23/2017,MANITOBA,LA,HERBERT,BLK,,,0,,,,,,,-1,,,,,,,,
4334.0,M,16:54,5/23/2017,MANITOBA,LA,HERBERT,BLK,,,100,,,,,,,3,,,,,,,,
4335.0,M,08:41,5/18/2017,MANITOBA,LA,HERBERT,LWPO,,220997,0,,,,125,527,-1,10,6,,1160,3.88,2.27,966,8.56,
4336.0,M,09:14,5/18/2017,MANITOBA,LA,HERBERT,LWPO,,220997,6.6,,,,133,529,-1,11,4,996,1240,4.33,2.50,970,8.57,
4337.0,M,09:57,5/18/2017,MANITOBA,LA,HERBERT,LWPO,,219008,0,,,,133,471,-1,10,10,1185,1230,3.71,2.17,881,8.53,
4338.0,M,10:08,5/18/2017,MANITOBA,LA,HERBERT,LWPO,,219008,8,,,,110,513,-1,12,7,876,1140,4.05,2.46,888,8.55,
4339.0,M,14:35,5/18/2017,MANITOBA,LA,HERBERT,REDR,,RDR1,0,,,,163,569,1,27,17,975,1550,7.26,4.36,346,8.49,
4340.0,M,15:43,5/18/2017,MANITOBA,LA,HERBERT,LWPO,,292085,0,,,,177,619,2,20,11,,1290,9.34,6.10,647,8.56,
4341.0,M,15:43,5/18/2017,MANITOBA,LA,HERBERT,LWPO,,292085,8,,,,177,689,9,21,29,1134,1220,9.43,6.89,647,8.55,
4342.0,M,17:37,5/18/2017,MANITOBA,LA,HERBERT,OFR,,OFR1,0,,,,81,538,2,14,9,1277,1000,2.75,1.69,228,8.41,
4343.0,M,19:19,5/18/2017,MANITOBA,LA,HERBERT,LWPO,,308102,0,,,,141,520,1,14,9,1187,1130,6.36,4.09,647,8.56,
4344.0,M,19:19,5/18/2017,MANITOBA,LA,HERBERT,LWPO,,308102,5,,,,130,659,4,14,19,1130,1100,5.31,2.79,687,8.56,
4345.0,M,09:38,5/19/2017,MANITOBA,LA,HERBERT,LWPO,,284986,0,,,,91,513,-1,7,4,965,740,2.73,1.50,891,8.58,
4346.0,M,09:45,5/19/2017,MANITOBA,LA,HERBERT,LWPO,,284986,8.5,,,,107,528,-1,7,4,1386,900,2.98,1.68,889,8.59,
4347.0,M,16:12,5/19/2017,MANITOBA,LA,HERBERT,LWPO,,182986,0,,,,174,622,1,11,8,,1330,3.89,2.11,1052,8.58,
4348.0,M,16:23,5/19/2017,MANITOBA,LA,HERBERT,LWPO,,182986,8,,,,151,660,3,13,15,,1350,4.79,2.49,1063,8.59,
4349.0,M,17:07,5/19/2017,MANITOBA,LA,HERBERT,LWPO,,171986,0,,,,128,585,1,14,7,,1310,4.46,2.50,962,8.60,
4350.0,M,17:56,5/19/2017,MANITOBA,LA,HERBERT,LWPO,,LWPO_M,0,,,,113,514,2,15,9,,1190,2.88,1.53,895,8.61,
4351.0,M,18:05,5/19/2017,MANITOBA,LA,HERBERT,LWPO,,LWPO_M,4.5,,,,148,589,4,16,14,,1420,3.51,1.82,913,8.60,
4352.0,M,09:48,5/20/2017,MANITOBA,LA,HERBERT,LMB,,LMB_M,0,,,,117,593,1,12,10,,1120,2.65,1.45,828,8.58,
4353.0,M,10:46,5/20/2017,MANITOBA,LA,HERBERT,LMB,,168935,0,,,,131,607,2,10,5,3222,1020,2.16,1.21,859,8.58,
4354.0,M,11:27,5/20/2017,MANITOBA,LA,HERBERT,LMB,,165947,0,,,,131,597,-1,12,6,,1110,2.35,1.38,892,8.58,
4355.0,M,15:35,5/20/2017,MANITOBA,LA,HERBERT,LWH,,LWH_M,0,,,,109,557,1,9,5,2915,1010,2.35,1.39,800,8.57,
4356.0,M,08:35,5/21/2017,MANITOBA,LA,HERBERT,LMB,,139884,0,,,,142,796,4,12,17,1111,1530,3.30,2.38,1049,8.55,
4357.0,M,09:16,5/21/2017,MANITOBA,LA,HERBERT,LMB,,145886,0,,,,174,685,-1,14,7,,1570,3.65,2.68,997,8.60,
4358.0,M,12:49,5/21/2017,MANITOBA,LA,HERBERT,LMB,,070833,0,,,,194,672,2,20,11,2530,1940,4.65,3.43,1062,8.69,
4359.0,M,09:56,5/23/2017,MANITOBA,LA,HERBERT,LMB,,027854,0,,,,437,602,1,63,12,1090,4740,18.33,14.05,882,8.63,
4360.0,M,10:48,5/23/2017,MANITOBA,LA,HERBERT,LMB,,030847,0,,,,505,649,6,79,24,4592,4780,28.64,20.61,815,8.59,
4369.0,M,14:00,5/31/2017,BAYSYS,EX,KAMULA,,,LGS,,-1,5,13,91,377,3,25,8,,1050,3.80,N/S,0,8.39,
4370.0,M,15:00,5/31/2017,BAYSYS,EX,KAMULA,,,LGS-2,,-1,5,10,112,367,3,25,8,,1200,4.16,N/S,0,8.38,
4373.0,M,08:00,6/14/2017,BAYSYS,EX,KAMULA,,,LGS,0,-1,5,,93,418,,19,11,,820,5.10,,N/S,N/S,
4386.0,M,08:00,6/28/2017,BAYSYS,EX,KAMULA,,,LGS,,-1,6,,118,394,,26,13,712,1130,5.32,,322,8.46,
4387.0,M,08:00,7/7/2017,BAYSYS,EX,KAMULA,,,LGS,,-1,6,,99,385,,26,13,,1010,6.39,,333,8.49,
4424.0,M,08:45,7/24/2017,MANITOBA,LA,HERBERT,LMB,,LLS001,0,,,,393,885,48,71,62,,3810,17.03,,662,8.67,
4425.0,M,14:20,7/24/2017,MANITOBA,LA,HERBERT,LMB,,LKS009,0,,,,488,752,72,35,82,,5330,12.65,,1008,8.66,
4426.0,M,11:10,7/25/2017,MANITOBA,LA,HERBERT,SWR,,LES011,0,,,,116,728,46,27,61,,1350,3.85,,542,8.67,
4427.0,M,12:00,7/25/2017,MANITOBA,LA,HERBERT,WDR,,LES015,0,,,,85,614,55,18,66,,1050,1.67,,367,8.62,
4428.0,M,13:25,7/25/2017,MANITOBA,LA,HERBERT,NDR,,LGS001,0,,,,67,549,73,11,84,,610,1.41,,496,8.71,
4429.0,M,09:40,7/26/2017,MANITOBA,LA,HERBERT,WHR,,LHS002,0,,,,173,725,75,16,87,,1560,3.98,,955,8.59,
4430.0,M,11:58,7/26/2017,MANITOBA,LA,HERBERT,DR,,LMS003,0,,,,270,799,46,17,56,,2810,5.60,,966,8.63,
4431.0,M,14:00,7/26/2017,MANITOBA,LA,HERBERT,LMB,,LMS001,0,,,,348,696,78,25,85,,3910,7.14,,941,8.65,
4460.0,M,,7/27/2017,MANITOBA,LA,HERBERT,BLK,,CN,0,,,,21,,,,,,110,,,,,
4461.0,M,,7/27/2017,MANITOBA,LA,HERBERT,BLK,,CN,100,,,,-1,,,,,,220,,,,,
4462.0,M,,7/27/2017,MANITOBA,LA,HERBERT,BLK,,P,100,,,,,,,2,,,,,,,,
4529.0,M,22:11,8/4/2017,MANITOBA,LA,HERBERT,BLK,,CN,0,,,,-1,,,,,,10,,,,,
4530.0,M,22:12,8/4/2017,MANITOBA,LA,HERBERT,BLK,,CN,100,,,,8,,,,,,140,,,,,
4531.0,M,22:17,8/4/2017,MANITOBA,LA,HERBERT,BLK,,P,100,,,,,,,2,,,,,,,,
4532.0,M,14:25,8/4/2017,MANITOBA,LA,HERBERT,FFR,,GL FR1,0,,,,240,654,33,18,40,2379,2750,6.46,5.55,940,8.65,Sample had a small brown hairy tumbleweed floating around
4533.0,M,18:42,8/4/2017,MANITOBA,LA,HERBERT,LWH,,LWH_M,0,,,,142,655,93,15,102,953,1430,3.05,2.20,924,8.58,
4534.0,M,18:49,8/4/2017,MANITOBA,LA,HERBERT,LWH,,LWH_M,3.5,,,,175,638,62,14,76,1007,1520,2.94,2.26,939,8.61,
4535.0,M,20:51,8/4/2017,MANITOBA,LA,HERBERT,WHR,,WHR1,0,,,,129,743,78,14,89,1036,1330,3.52,2.61,959,8.59,Sample had a bigger [than M4532] brown hairy tumbleweed floating around
4536.0,M,15:48,8/5/2017,MANITOBA,LA,HERBERT,BLK,,CN,0,,,,2,,,,,,10,,,,,
4537.0,M,15:48,8/5/2017,MANITOBA,LA,HERBERT,BLK,,CN,100,,,,-1,,,,,,130,,,,,
4538.0,M,15:50,8/5/2017,MANITOBA,LA,HERBERT,BLK,,P,100,,,,,,,2,,,,,,,,
4539.0,M,08:47,8/5/2017,MANITOBA,LA,HERBERT,LMB,,LMB_M2,0,,,,155,636,59,10,67,1073,1280,2.71,2.07,948,8.60,
4540.0,M,09:48,8/5/2017,MANITOBA,LA,HERBERT,LMB,,168935,0,,,,164,636,61,13,72,1042,1760,3.89,3.02,913,8.62,
4541.0,M,10:37,8/5/2017,MANITOBA,LA,HERBERT,LMB,,165947,0,,,,172,705,138,14,150,1011,1620,3.69,2.82,930,8.60,
4542.0,M,17:00,8/5/2017,MANITOBA,LA,HERBERT,LWH,DIT,DBW3,0,,,,45,1134,3,6,8,2939,460,0.91,0.58,1167,8.73,
4543.0,M,17:30,8/5/2017,MANITOBA,LA,HERBERT,LWH,DIT,DBW5,0,,,,59,1190,28,9,32,2266,730,1.12,0.58,528,8.71,
4544.0,M,16:30,8/7/2017,MANITOBA,LA,HERBERT,BLK,,CN,100,,,,1,,,,,,10,,,,,
4545.0,M,16:32,8/7/2017,MANITOBA,LA,HERBERT,BLK,,CN,0,,,,1,,,,,,190,,,,,
4546.0,M,16:31,8/7/2017,MANITOBA,LA,HERBERT,BLK,,P,100,,,,,,,3,,,,,,,,
4547.0,M,13:57,8/6/2017,MANITOBA,LA,HERBERT,LWPO,,284986,0,,,,119,477,107,11,113,991,1160,3.36,2.27,907,8.62,
4548.0,M,17:02,8/6/2017,MANITOBA,LA,HERBERT,LWPO,,308102,0,,,,211,546,84,23,91,2413,1410,7.46,2.13,559,8.58,
4549.0,M,07:18,8/7/2017,MANITOBA,LA,HERBERT,FFR,,FR1,0,,,,87,755,37,13,47,1807,710,4.51,2.32,255,8.50,
4550.0,M,08:37,8/7/2017,MANITOBA,LA,HERBERT,LWPO,,291091,0,,,,199,576,85,26,97,1172,1420,8.93,5.85,664,8.63,
4551.0,M,10:23,8/7/2017,MANITOBA,LA,HERBERT,REDR,,RDR1,0,,,,396,764,25,52,39,1329,3440,12.01,7.97,484,8.69,
4552.0,M,07:18,8/7/2017,MANITOBA,LA,HERBERT,FFR,,FR1,0,,,,85,,,17,,,680,4.67,3.42,,,
4553.0,M,13:32,8/9/2017,MANITOBA,LA,HERBERT,BLK,,CN,100,,,,1,,,,,,10,,,,,
4554.0,M,13:34,8/9/2017,MANITOBA,LA,HERBERT,BLK,,CN,0,,,,12,,,,,,140,,,,,
4555.0,M,13:30,8/9/2017,MANITOBA,LA,HERBERT,BLK,,P,100,,,,,,,3,,,,,,,,
4556.0,M,08:16,8/8/2017,MANITOBA,LA,HERBERT,LWPO,,171986,0,,,,234,550,62,17,68,,2410,6.39,4.50,970,8.64,
4557.0,M,08:18,8/8/2017,MANITOBA,LA,HERBERT,LWPO,,171986,6,,,,243,529,98,20,102,,2480,6.10,4.53,970,8.63,
4558.0,M,09:05,8/8/2017,MANITOBA,LA,HERBERT,LWPO,,LWPO_M,0,,,,212,520,173,22,175,,2260,5.96,4.66,957,8.63,
4559.0,M,12:03,8/8/2017,MANITOBA,LA,HERBERT,LWPO,,220997,0,,,,176,504,161,14,165,,1860,5.64,4.27,956,8.63,
4560.0,M,12:06,8/8/2017,MANITOBA,LA,HERBERT,LWPO,,220997,7,,,,196,493,192,16,196,,2000,5.07,3.88,966,8.63,
4561.0,M,12:41,8/8/2017,MANITOBA,LA,HERBERT,LWPO,,221005,0,,,,192,512,107,19,110,,1920,6.19,4.61,975,8.63,
4562.0,M,15:46,8/8/2017,MANITOBA,LA,HERBERT,LWPO,,LWPO3,0,,,,196,N/S,N/S,15,N/S,,1990,4.65,3.56,N/S,N/S,
4563.0,M,19:00,8/13/2017,MANITOBA,LA,HERBERT,BLK,,CN,100,,,,1,,,,,,10,,,,,
4564.0,M,19:00,8/13/2017,MANITOBA,LA,HERBERT,BLK,,CN,0,,,,2,,,,,,110,,,,,
4565.0,M,19:00,8/13/2017,MANITOBA,LA,HERBERT,BLK,,P,100,,,,,,,3,,,,,,,,
4566.0,M,,8/12/2017,MANITOBA,LA,HERBERT,LMB,,LMBS2,0,,,,,,,,,,,15.86,,,,
4567.0,M,10:50,8/12/2017,MANITOBA,LA,HERBERT,LMB,,LMBS3,0,,,,,,,,,,,12.85,,,,
4568.0,M,11:15,8/12/2017,MANITOBA,LA,HERBERT,LMB,,LMBS4,0,,,,,,,,,,,12.68,,,,
4569.0,M,11:42,8/12/2017,MANITOBA,LA,HERBERT,LMB,,LMBS5,0,,,,,,,,,808,,12.53,,,,
4570.0,M,12:10,8/12/2017,MANITOBA,LA,HERBERT,LMB,,LMBS6,0,,,,,,,,,819,,12.69,,,,
4571.0,M,16:39,8/15/2017,MANITOBA,LA,HERBERT,BLK,,P,100,,,,,,,3,,,,,,,,
4572.0,M,16:37,8/15/2017,MANITOBA,LA,HERBERT,BLK,,CN,,,,,N/S,,,,,,N/S,,,,,
4573.0,M,16:38,8/15/2017,MANITOBA,LA,HERBERT,BLK,,CN,100,,,,N/S,,,,,,N/S,,,,,
4574.0,M,10:25,8/17/2017,MANITOBA,LA,HERBERT,BLK,,CN,0,,,,1,,,,,,10,,,,,
4575.0,M,10:30,8/17/2017,MANITOBA,LA,HERBERT,BLK,,CN,100,,,,9,,,,,,100,,,,,
4576.0,M,10:35,8/17/2017,MANITOBA,LA,HERBERT,BLK,,P,100,,,,,,,3,,,,,,,,
4577.0,M,12:12,8/10/2017,MANITOBA,LA,HERBERT,LMB,,137886,0,,,,228,590,90,14,96,993,2360,6.25,4.77,885,8.60,
4578.0,M,12:02,8/10/2017,MANITOBA,LA,HERBERT,LMB,,137886,6,,,,262,564,65,15,71,1004,2660,6.71,5.12,891,8.59,
4579.0,M,12:02,8/10/2017,MANITOBA,LA,HERBERT,LMB,,137886,6,,,,234,N/S,N/S,18,N/S,762,2770,N/S,N/S,N/S,N/S,
4580.0,M,12:51,8/10/2017,MANITOBA,LA,HERBERT,LMB,,145886,0,,,,172,573,49,12,55,,2130,6.45,5.76,900,8.60,
4581.0,M,16:22,8/10/2017,MANITOBA,LA,HERBERT,LMB,,116879,0,,,,187,638,44,13,52,969,2240,6.04,5.11,946,8.63,
4582.0,M,,8/10/2017,MANITOBA,LA,HERBERT,LMB,,116879,4.5,,,,260,601,,21,95,,2930,8.01,6.82,951,8.63,
4583.0,M,17:21,8/10/2017,MANITOBA,LA,HERBERT,LMB,,099881,0,,,,276,663,,16,18,520,2880,7.15,6.26,974,8.66,
4584.0,M,18:04,8/10/2017,MANITOBA,LA,HERBERT,LMB,NAR,NAR1,0,,,,240,679,,18,36,944,2830,6.55,5.68,954,8.65,
4585.0,M,08:54,8/11/2017,MANITOBA,LA,HERBERT,LMB,,066840,0,,,,294,686,68,30,79,814,2670,13.28,12.24,972,8.69,
4586.0,M,,8/11/2017,MANITOBA,LA,HERBERT,LMB,,066840,6.2,,,,296,616,1,34,7,826,2800,16.43,14.84,968,8.69,"DOC: ""4586/4594?"""
4587.0,M,09:26,8/11/2017,MANITOBA,LA,HERBERT,LMB,,070833,0,,,,280,610,71,25,86,902,3390,25.94,23.39,986,8.71,
4588.0,M,14:56,8/11/2017,MANITOBA,LA,HERBERT,LMB,,041823,0,,,,377,632,47,42,57,859,3710,15.72,14.11,979,8.73,
4589.0,M,15:49,8/11/2017,MANITOBA,LA,HERBERT,LMB,,038808,0,,,,306,607,41,35,52,922,3320,15.48,11.59,1021,8.70,
4590.0,M,16:24,8/11/2017,MANITOBA,LA,HERBERT,LMB,,036796,0,,,,452,679,63,37,75,1343,4530,19.62,14.87,1019,8.72,
4591.0,M,08:43,8/11/2017,MANITOBA,LA,HERBERT,LMB,,030847,0,,,,298,782,29,35,50,,3330,13.26,9.21,885,8.68,
4592.0,M,08:44,8/11/2017,MANITOBA,LA,HERBERT,LMB,,030847,4.1,,,,459,642,71,38,83,811,3500,17.80,12.56,877,8.69,
4593.0,M,12:58,8/11/2017,MANITOBA,LA,HERBERT,LMB,,027854,0,,,,367,663,104,31,115,865,3280,14.58,11.31,883,8.67,
4594.0,M,08:50,8/11/2017,MANITOBA,LA,HERBERT,LMB,,066840,6.2,,,,242,N/S,N/S,41,N/S,,3160,17.14,12.71,N/S,N/S,
4595.0,M,14:56,8/11/2017,MANITOBA,LA,HERBERT,LMB,,041823,5.2,,,,411,635,-1,54,7,,4070,28.08,23.17,1002,8.67,
4596.0,M,14:45,8/31/2017,MANITOBA,LA,HERBERT,BLK,,CN,0,,,,1,,,,,,10,,,,,
4597.0,M,14:47,8/31/2017,MANITOBA,LA,HERBERT,BLK,,CN,100,,,,11,,,,,,220,,,,,
4598.0,M,14:49,8/31/2017,MANITOBA,LA,HERBERT,BLK,,P,,,,,,,,3,,,,,,,,
4599.0,M,10:30,8/29/2017,MANITOBA,LA,HERBERT,LMB,,LLS013,,,,,441,745,35,40,47,,3100,24.94,19.49,990,8.71,
4673.0,M,,9/13/2017,LGS,EX,KAMULA,,,,,41,12,,49,428,,20,23,,800,4.12,3.35,305,8.46,
4688.0,M,14:15,9/12/2017,MANITOBA,LA,HERBERT,,,GL-TL1,,,,,91,1250,1,9,6,1544,910,1.34,0.95,286,8.60,
4689.0,M,,9/17/2017,MANITOBA,LA,HERBERT,LWH,,LWH_M,,,,,135,637,6,12,12,1249,1180,3.84,2.77,994,8.59,
4690.0,M,09:39,9/21/2017,MANITOBA,LA,HERBERT,BLK,,CN,0,,,,2,,,,,,10,,,,,
4691.0,M,09:40,9/21/2017,MANITOBA,LA,HERBERT,BLK,,CN,100,,,,-1,,,,,,140,,,,,
4692.0,M,09:41,9/21/2017,MANITOBA,LA,HERBERT,BLK,,P,,,,,,,,2,,,,,,,,
4693.0,M,18:05,9/17/2017,MANITOBA,LA,HERBERT,OFR,,OFR1,,,,,65,719,9,11,17,1476,680,2.26,1.19,212,8.40,
4694.0,M,07:52,9/18/2017,MANITOBA,LA,HERBERT,LWPO,,308102,0,,,,234,521,41,23,50,1296,1520,10.46,7.43,682,8.62,
4695.0,M,07:55,9/18/2017,MANITOBA,LA,HERBERT,LWPO,,308102,4,,,,241,531,3,25,9,,1630,11.23,8.22,684,8.63,
4696.0,M,10:03,9/18/2017,MANITOBA,LA,HERBERT,REDR,,RDR1,0,,,,579,828,39,56,58,1594,4270,24.57,18.87,589,8.71,
4697.0,M,11:11,9/18/2017,MANITOBA,LA,HERBERT,LWPO,,292085,0,,,,236,521,22,29,30,1219,1530,15.67,11.04,695,8.63,
4698.0,M,11:20,9/18/2017,MANITOBA,LA,HERBERT,LWPO,,292085,7,,,,228,549,10,29,17,1259,1600,17.94,13.06,691,8.64,
4699.0,M,10:14,9/19/2017,MANITOBA,LA,HERBERT,BLK,,CN,0,,,,-1,,,,,,10,,,,,
4700.0,M,10:15,9/19/2017,MANITOBA,LA,HERBERT,BLK,,CN,100,,,,27,,,,,,230,,,,,
4701.0,M,10:16,9/19/2017,MANITOBA,LA,HERBERT,BLK,,P,100,,,,,,,4,,,,,,,,
4702.0,M,12:05,9/25/2017,MANITOBA,LA,HERBERT,BLK,,P,100,,,,,,,3,,,,,,,,
4703.0,M,12:03,9/25/2017,MANITOBA,LA,HERBERT,BLK,,CN,0,,,,-1,,,,,,-10,,,,,
4704.0,M,12:04,9/25/2017,MANITOBA,LA,HERBERT,BLK,,CN,100,,,,-1,,,,,,90,,,,,
4705.0,M,15:55,9/22/2017,MANITOBA,LA,HERBERT,LWPO,,284986,0,,,,177,478,8,15,13,1226,1960,6.80,4.00,890,8.59,
4706.0,M,16:02,9/22/2017,MANITOBA,LA,HERBERT,LWPO,,284986,8.5,,,,185,478,6,20,11,1235,2020,8.02,5.69,900,8.60,
4707.0,M,10:14,9/23/2017,MANITOBA,LA,HERBERT,LWPO,R1,221005,0,,,,277,529,3,22,6,1256,2920,9.92,7.17,990,8.60,
4708.0,M,10:19,9/23/2017,MANITOBA,LA,HERBERT,LWPO,,221005,8.5,,,,276,492,16,17,22,1276,2820,8.79,4.91,989,8.60,
4709.0,M,10:14,9/23/2017,MANITOBA,LA,HERBERT,LWPO,R2,221005,0,,,,295,N/S,N/S,20,N/S,,3080,9.63,6.29,N/S,N/S,
4710.0,M,14:53,9/23/2017,MANITOBA,LA,HERBERT,LWH,DIT,DBW5,,,,,83,1411,1,12,9,2887,630,1.57,1.02,1241,8.51,
4711.0,M,15:18,9/23/2017,MANITOBA,LA,HERBERT,LWH,DIT,DBW3,,,,,55,1165,1,4,3,2361,380,0.62,0.38,485,8.66,
4712.0,M,08:14,9/24/2017,MANITOBA,LA,HERBERT,LWPO,,171986,0,,,,288,589,8,26,13,1157,2670,10.30,8.02,985,8.61,
4713.0,M,08:21,9/24/2017,MANITOBA,LA,HERBERT,LWPO,,171986,6,,,,253,560,88,24,97,1151,2550,12.48,9.83,987,8.62,
4714.0,M,14:49,9/23/2017,MANITOBA,LA,HERBERT,BLK,,P,100,,,,,,,3,,,,,,,,
4715.0,M,14:47,9/23/2017,MANITOBA,LA,HERBERT,BLK,,CN,0,,,,-1,,,,,,10,,,,,
4716.0,M,14:48,9/23/2017,MANITOBA,LA,HERBERT,BLK,,CN,100,,,,18,,,,,,240,,,,,
4729.0,M,17:22,9/26/2017,MANITOBA,LA,HERBERT,LMB,,066840,0,,,,295,722,17,38,35,1097,3120,21.40,14.99,962,8.67,
4730.0,M,17:25,9/26/2017,MANITOBA,LA,HERBERT,LMB,,066840,6.2,,,,329,697,8,36,16,1102,3390,17.74,10.84,976,8.66,
4731.0,M,18:10,9/26/2017,MANITOBA,LA,HERBERT,LMB,,070833,0,,,,322,650,22,27,30,1082,3030,13.33,9.05,990,8.70,
4732.0,M,08:14,9/27/2017,MANITOBA,LA,HERBERT,LMB,,LMB_M,0,,,,157,604,33,14,37,1227,1560,4.36,2.83,946,8.60,
4733.0,M,08:54,9/27/2017,MANITOBA,LA,HERBERT,LMB,,168935,0,,,,189,564,32,13,37,1171,1710,4.93,3.69,955,8.60,
4734.0,M,09:24,9/27/2017,MANITOBA,LA,HERBERT,LMB,,166947,0,,,,151,603,18,12,22,1216,1590,3.98,2.87,960,8.59,
4735.0,M,12:00,9/27/2017,MANITOBA,LA,HERBERT,FFR,,FR1,0,,,,322,611,21,20,23,1226,3650,7.20,5.52,930,8.63,
4736.0,M,13:35,9/27/2017,MANITOBA,LA,HERBERT,LMB,,137886,0,,,,250,622,66,16,72,1234,3160,9.28,6.93,934,8.62,
4737.0,M,13:40,9/27/2017,MANITOBA,LA,HERBERT,LMB,,137886,0,,,,279,576,11,18,14,1195,3440,9.96,7.34,931,8.63,
4738.0,M,14:23,9/27/2017,MANITOBA,LA,HERBERT,LMB,,145886,0,,,,250,574,9,16,12,1165,3370,8.62,6.04,927,8.63,
4739.0,M,17:51,9/27/2017,MANITOBA,LA,HERBERT,LMB,,116879,0,,,,232,630,32,13,36,1185,2840,7.53,5.55,953,8.64,
4740.0,M,18:44,9/27/2017,MANITOBA,LA,HERBERT,LMB,,099881,0,,,,256,672,2,17,6,1217,3050,9.20,7.11,988,8.67,
4741.0,M,19:13,9/27/2017,MANITOBA,LA,HERBERT,LMB,NAR,NAR1,0,,,,241,649,43,17,46,1235,3010,8.40,6.25,992,8.66,
4742.0,M,09:48,9/29/2017,MANITOBA,LA,HERBERT,LMB,,041823,0,,,,349,616,19,46,28,1052,3790,25.27,19.75,1018,8.69,
4743.0,M,09:51,9/29/2017,MANITOBA,LA,HERBERT,LMB,,041823,5.2,,,,384,645,30,47,41,1073,3890,25.38,19.17,1020,8.69,
4744.0,M,10:40,9/29/2017,MANITOBA,LA,HERBERT,LMB,,038808,0,,,,392,557,20,49,30,1100,3900,28.28,21.28,1026,8.69,
4745.0,M,10:41,9/29/2017,MANITOBA,LA,HERBERT,LMB,,038808,4.5,,,,436,583,19,52,30,1074,4060,29.19,22.23,1028,8.68,
4746.0,M,11:23,9/29/2017,MANITOBA,LA,HERBERT,LMB,,036796,0,,,,368,641,15,27,23,1089,3750,17.42,13.95,1024,8.71,
4747.0,M,15:00,9/29/2017,MANITOBA,LA,HERBERT,LMB,,034840,0,,,,421,551,19,55,27,1069,3560,29.84,23.35,1024,8.70,
4748.0,M,15:02,9/29/2017,MANITOBA,LA,HERBERT,LMB,,034840,5.1,,,,491,673,13,65,23,1032,4150,34.18,26.49,1032,8.67,
4749.0,M,15:49,9/29/2017,MANITOBA,LA,HERBERT,LMB,,027854,0,,,,427,618,19,50,31,1067,4010,27.57,21.18,974,8.70,
4750.0,M,17:22,9/26/2017,MANITOBA,LA,HERBERT,LMB,,066840,0,,,,318,N/S,N/S,36,N/S,,3140,18.23,12.57,985,8.67,
4751.0,M,09:48,9/27/2017,MANITOBA,LA,HERBERT,LMB,,041823,0,,,,388,N/S,N/S,50,N/S,,3850,24.91,18.68,N/S,N/S,
4752.0,M,10:52,10/2/2017,MANITOBA,LA,HERBERT,BLK,,CN,0,,,,2,,,,,,10,,,,,
4753.0,M,10:53,10/2/2017,MANITOBA,LA,HERBERT,BLK,,CN,100,,,,13,,,,,,180,,,,,
4754.0,M,10:55,10/2/2017,MANITOBA,LA,HERBERT,BLK,,P,100,,,,,,,3,,,,,,,,
4755.0,M,10:34,10/3/2017,MANITOBA,LA,HERBERT,BLK,,CN,0,,,,-1,,,,,,10,,,,,
4756.0,M,10:36,10/3/2017,MANITOBA,LA,HERBERT,BLK,,CN,100,,,,-1,,,,,,190,,,,,
4757.0,M,10:37,10/3/2017,MANITOBA,LA,HERBERT,BLK,,P,100,,,,,,,2,,,,,,,,
4758.0,M,09:30,10/2/2017,MANITOBA,LA,HERBERT,LMB,,LKS009,,,,,297,680,25,17,29,1297,3340,9.30,6.48,982,8.62,
4759.0,M,15:10,10/2/2017,MANITOBA,LA,HERBERT,WHR,,LHS002,,,,,156,565,16,13,19,1122,1610,4.21,2.80,956,8.57,
4760.0,M,10:15,10/3/2017,MANITOBA,LA,HERBERT,WDR,,LES015,,,,,106,467,25,21,29,1065,980,3.03,2.01,547,8.60,
4761.0,M,11:00,10/3/2017,MANITOBA,LA,HERBERT,SWR,,LES011,,,,,70,387,19,12,27,1048,700,1.50,0.90,801,8.67,
4762.0,M,12:05,10/3/2017,MANITOBA,LA,HERBERT,NDR,,LGS001,,,,,58,344,17,12,17,930,700,1.51,0.93,566,8.68,
4763.0,M,13:15,10/3/2017,MANITOBA,LA,HERBERT,MOR,,LJS006,,,,,201,484,12,31,29,,1840,9.12,6.39,508,8.58,
4764.0,M,14:30,10/4/2017,MANITOBA,LA,HERBERT,WMR,,LLS001,,,,,144,655,23,22,34,1131,1270,9.31,5.29,853,8.67,
4765.0,M,17:18,10/7/2017,MANITOBA,LA,HERBERT,BLK,,CN,0,,,,-1,,,,,,180,,,,,
4766.0,M,17:20,10/7/2017,MANITOBA,LA,HERBERT,BLK,,CN,100,,,,-1,,,,,,10,,,,,
4767.0,M,17:22,10/7/2017,MANITOBA,LA,HERBERT,BLK,,P,100,,,,,,,2,,,,,,,,
4768.0,M,08:30,10/23/2017,BAYSYS,EX,KAMULA,,,LGS,,58,4,,73,418,,23,28,,840,3.67,2.76,289,8.44,
4769.0,M,11:00,10/5/2017,MANITOBA,LA,HERBERT,LWPO,,LWPO_M,,,,,258,632,113,27,120,1130,2920,9.00,6.17,979,8.57,
4770.0,M,15:10,10/5/2017,MANITOBA,LA,HERBERT,LWH,,LWH_M,,,,,144,611,29,14,34,1268,1610,2.66,1.70,948,8.58,
4771.0,M,10:40,10/12/2017,MANITOBA,LA,HERBERT,WHR,,WHR1,,,,,132,614,7,15,13,1146,1560,3.50,2.24,977,8.58,
4772.0,M,08:00,10/12/2017,MANITOBA,LA,HERBERT,LMB,,060864,,,,,235,643,3,21,6,1191,2680,3.78,2.28,959,8.58,
4773.0,M,13:30,10/17/2017,MANITOBA,LA,HERBERT,LWH,,LWH_M,,,,,146,605,9,12,14,1215,1490,2.85,1.82,959,8.58,
4774.0,M,10:00,10/19/2017,MANITOBA,LA,HERBERT,LWPO,,LWPO_M,,,,,271,622,9,32,16,1087,3490,10.14,6.66,1003,8.58,
4775.0,M,10:34,10/27/2017,MANITOBA,LA,HERBERT,BLK,,C&N&P,0,,,,-1,,,-1,,,10,,,,,
4776.0,M,10:36,10/27/2017,MANITOBA,LA,HERBERT,BLK,,C&N&P,100,,,,5,,,2,,,190,,,,,
4777.0,M,08:00,12/14/2017,BAYSYS,EX,KAMULA,,,LGS,,39,8,,84,415,,27,24,,1070,1.83,1.19,325,8.34,
4778.0,M,11:22,1/12/2018,DISTILLED,EX,HERBERT,REP1,,TAP486,,,,,8,6,,1,7,,130,,,,,
4779.0,M,11:22,1/12/2018,DISTILLED,EX,HERBERT,REP1,,TAP486,,,,,12,6,,2,8,,90,,,,,
4780.0,M,11:25,1/12/2018,DISTILLED,EX,HERBERT,REP2,,TAP486,,,,,7,6,,2,8,,80,,,,,
4781.0,M,11:25,1/12/2018,DISTILLED,EX,HERBERT,REP2,,TAP486,,,,,8,6,,1,7,,90,,,,,
4782.0,M,11:26,1/12/2018,DISTILLED,EX,HERBERT,REP3,,TAP486,,,,,8,7,,1,6,,110,,,,,
4783.0,M,11:26,1/12/2018,DISTILLED,EX,HERBERT,REP3,,TAP486,,,,,3,6,,1,7,,70,,,,,
4784.0,M,,3/7/2018,MANITOBA,LA,HERBERT,LMB,,LLS013,,,,,152,843,,16,8,,1240,11.43,9.39,1245,8.54,
4785.0,M,11:05,3/13/2018,MANITOBA,LA,HERBERT,BLK,,CN 100,,,,,34,,,,,,270,,,,,
4786.0,M,11:00,3/13/2018,MANITOBA,LA,HERBERT,BLK,,P 100,,,,,,,,-1,,,,,,,,
4787.0,M,,3/13/2018,MANITOBA,LA,HERBERT,BLK,,P 0,,,,,,,,2,,,,,,,,
4788.0,M,14:09,3/27/2018,MANITOBA,LA,HERBERT,LWPG,,SITE1,0,,,,133,588,5,18,12,,900,13.96,10.85,105,7.97,
4789.0,M,15:16,3/27/2018,MANITOBA,LA,HERBERT,LWPG,,SITE2,0,,,,95,468,5,16,11,,660,11.40,8.74,101,7.92,
4790.0,M,09:00,3/28/2018,MANITOBA,LA,HERBERT,BLK,,CN,,,,,-1,,,,,,-10,,,,,
4791.0,M,09:00,3/28/2018,MANITOBA,LA,HERBERT,BLK,,P 0,,,,,,,,-1,,,,,,,,
4792.0,M,09:08,3/28/2018,MANITOBA,LA,HERBERT,BLK,,P 100,,,,,,,,3,,,,,,,,
